﻿OBJECTID,location,Gross_National_Income_per_capita,Percentage_poorest_households ,Mean_years_education_population
1,Boffa,,,
2,Boké,2.05,58.4,2.68
3,Fria,,,
4,Gaoual,,,
5,Koundara,,,
6,Conarky,6.19,0.82,7.54
7,Dabola,,,
8,Dinguiraye,,,
9,Faranah,1.64,69.4,1.94
10,Kissidougou,,,
11,Kankan,2.12,46.9,2.05
12,Kérouané,,,
13,Kouroussa,,,
14,Mandiana,,,
15,Siguiri,,,
16,Coyah,,,
17,Dubréka,,,
18,Forécariah,,,
19,Kindia,2.11,52,2.61
20,Télimélé,,,
21,Koubia,,,
22,Labé,1.52,68.2,1.29
23,Lélouma,,,
24,Mali,,,
25,Tougué,,,
26,Dalaba,,,
27,Mamou,1.84,58.8,1.29
28,Pita,,,
29,Beyla,,,
30,Guéckédou,,,
31,Lola,,,
32,Macenta,,,
33,Nzérékoré,1.52,70.1,2.64
34,Yamou,,,
