﻿OBJECTID,location,Gross_National_Income_per_capita,Percentage_poorest_households,Mean_years_education_population
1,BOMI,0.8,89.3,4.01
2,BONG,0.73,91.8,2.85
3,GBARPOLU,0.72,93.8,3.31
4,GRAND BASSA,0.76,86.5,3.21
5,GRAND CAPE MOUNT,0.78,92.1,2.67
6,GRAND GEDEH,0.81,85.3,4.52
7,GRAND KRU,0.7,95.2,4.35
8,LOFA,0.78,88.6,3.11
9,MARGIBI,1.06,67.2,4.82
10,MARYLAND,0.9,83.2,5.34
11,NIMBA,0.89,80.3,4.63
12,RIVER GEE,0.78,89.1,4.3
13,RIVERCESS,0.64,96.4,3.05
14,SINOE,0.69,93,4.17
15,Montserrado,1.63,38.2,7.72
